"$q¬3§î‚~ŒYì×Ñ","Leena","Jakoub","ljakoub0@ask.com","9282217846"
"$r€Ú§î‚~ŒYì×Ñ","Inigo","Skoggins","iskoggins1@spiegel.de","3507127613"
"$r÷<§î‚~ŒYì×Ñ","Raymund","Demcik","rdemcik2@dagondesign.com","6726389032"
"$sHä§î‚~ŒYì×Ñ","Torie","Salters","tsalters3@columbia.edu","6147472931"
"$s³V§î‚~ŒYì×Ñ","Frannie","Ruprechter","fruprechter4@wikipedia.org","8856243720"
"$t2§î‚~ŒYì×Ñ","Carlynn","Koppen","ckoppen5@cafepress.com","5367758881"
"$tj§î‚~ŒYì×Ñ","Gabriel","Lawford","glawford6@chronoengine.com","2015593350"
"$tô§î‚~ŒYì×Ñ","Emyle","Kerins","ekerins7@ca.gov","9434708669"
"$uD@§î‚~ŒYì×Ñ","Adrianna","Gathercole","agathercole8@nytimes.com","1745080652"
"$u§î‚~ŒYì×Ñ","Rafa","Revans","rrevans9@arizona.edu","7568651793"
"$u¼(§î‚~ŒYì×Ñ","Pavia","Morpeth","pmorpetha@youtu.be","9206080177"
"$v©§î‚~ŒYì×Ñ","Gamaliel","Yashunin","gyashuninb@furl.net","7575182278"
"$vR~§î‚~ŒYì×Ñ","Melloney","Grastye","mgrastyec@twitter.com","6197979057"
"$v ®§î‚~ŒYì×Ñ","Glyn","Ridges","gridgesd@walmart.com","9134277976"
"$v×Z§î‚~ŒYì×Ñ","Cher","Iseton","cisetone@princeton.edu","9045088510"
"$wN§î‚~ŒYì×Ñ","Ximenes","Tallow","xtallowf@example.com","7287780603"
"$wTæ§î‚~ŒYì×Ñ","Christabel","Lown","clowng@whitehouse.gov","7564394237"
"$wˆ»§î‚~ŒYì×Ñ","Georgette","Skahill","gskahillh@scientificamerican.com","1943529651"
"$wÎï§î‚~ŒYì×Ñ","Esteban","Kingman","ekingmani@google.fr","8681238449"
"$xN§î‚~ŒYì×Ñ","Mile","Coleman","mcolemanj@altervista.org","7533016546"
"$xIl§î‚~ŒYì×Ñ","Barry","Teager","bteagerk@nymag.com","4806754068"
"$x}j§î‚~ŒYì×Ñ","Kora","Scarborough","kscarboroughl@si.edu","8369810980"
"$x°W§î‚~ŒYì×Ñ","Aldridge","Dougherty","adoughertym@biglobe.ne.jp","2535623416"
"$xûh§î‚~ŒYì×Ñ","Faydra","Di Domenico","fdidomenicon@feedburner.com","4252865254"
"$y2b§î‚~ŒYì×Ñ","Deena","Picford","dpicfordo@umn.edu","5287887292"
"$z3ã§î‚~ŒYì×Ñ","Rebe","Pickless","rpicklessp@bbc.co.uk","1395368399"
"$zxs§î‚~ŒYì×Ñ","Miguel","Philpault","mphilpaultq@pen.io","9762915549"
"$z¿Û§î‚~ŒYì×Ñ","Hana","Crafter","hcrafterr@chronoengine.com","3601218084"
"$zõ\\§î‚~ŒYì×Ñ","Konstanze","Jirak","kjiraks@baidu.com","6418950013"
"${+¥§î‚~ŒYì×Ñ","Gavra","Gwyther","ggwythert@wp.com","5832110167"
"${r#§î‚~ŒYì×Ñ","Douglas","Pickrell","dpickrellu@shop-pro.jp","1535994662"
"${§–§î‚~ŒYì×Ñ","Eveleen","Jozefowicz","ejozefowiczv@gmpg.org","9453675832"
"${îS§î‚~ŒYì×Ñ","Kendrick","Swift","kswiftw@redcross.org","5066097980"
"$|\"Ê§î‚~ŒYì×Ñ","Ludovico","Simmonite","lsimmonitex@nhs.uk","7316631615"
"$|ZD§î‚~ŒYì×Ñ","Tani","Synnot","tsynnoty@godaddy.com","6363979244"
"$|¡!§î‚~ŒYì×Ñ","Britney","Gowanlock","bgowanlockz@de.vu","6883331105"
"$|ÓS§î‚~ŒYì×Ñ","Odetta","Newcom","onewcom10@mashable.com","2175932198"
"$}ë§î‚~ŒYì×Ñ","Glendon","Sommerville","gsommerville11@ehow.com","4216171835"
"$}N˜§î‚~ŒYì×Ñ","Stacey","Fawcitt","sfawcitt12@wikia.com","3414147910"
"$}Õ§î‚~ŒYì×Ñ","Candi","Muscott","cmuscott13@taobao.com","3733723804"
"$}ÇÜ§î‚~ŒYì×Ñ","Susie","Rose","srose14@about.me","9159827650"
"$}ú§î‚~ŒYì×Ñ","Kennith","Carmel","kcarmel15@cam.ac.uk","3626627627"
"$~,#§î‚~ŒYì×Ñ","Minerva","Grieger","mgrieger16@domainmarket.com","1272627268"
"$~}ï§î‚~ŒYì×Ñ","Rufe","Alu","ralu17@smugmug.com","7519936172"
"$~æi§î‚~ŒYì×Ñ","Margy","Sidebotham","msidebotham18@photobucket.com","3383731612"
"$,œ§î‚~ŒYì×Ñ","Shela","Suttaby","ssuttaby19@unicef.org","1656729452"
"$aù§î‚~ŒYì×Ñ","Yvette","Sahnow","ysahnow1a@acquirethisname.com","9029677239"
"$¨É§î‚~ŒYì×Ñ","Tessa","Conford","tconford1b@usgs.gov","4256891952"
"$Þ5§î‚~ŒYì×Ñ","Willy","Hrishchenko","whrishchenko1c@moonfruit.com","4277075663"
"$€»§î‚~ŒYì×Ñ","Jefferey","Phipp","jphipp1d@photobucket.com","5223240286"
